{
  "0": {
    "precision": 0.7744360902255639,
    "recall": 0.8879310344827587,
    "f1-score": 0.8273092369477911,
    "support": 116.0
  },
  "1": {
    "precision": 0.8059701492537313,
    "recall": 0.6428571428571429,
    "f1-score": 0.7152317880794702,
    "support": 84.0
  },
  "accuracy": 0.785,
  "macro avg": {
    "precision": 0.7902031197396476,
    "recall": 0.7653940886699508,
    "f1-score": 0.7712705125136307,
    "support": 200.0
  },
  "weighted avg": {
    "precision": 0.7876803950173943,
    "recall": 0.785,
    "f1-score": 0.7802367084230962,
    "support": 200.0
  }
}