{
  "0": {
    "precision": 0.8571428571428571,
    "recall": 0.9827586206896551,
    "f1-score": 0.9156626506024096,
    "support": 116.0
  },
  "1": {
    "precision": 0.9701492537313433,
    "recall": 0.7738095238095238,
    "f1-score": 0.8609271523178808,
    "support": 84.0
  },
  "accuracy": 0.895,
  "macro avg": {
    "precision": 0.9136460554371002,
    "recall": 0.8782840722495895,
    "f1-score": 0.8882949014601451,
    "support": 200.0
  },
  "weighted avg": {
    "precision": 0.9046055437100213,
    "recall": 0.895,
    "f1-score": 0.8926737413229074,
    "support": 200.0
  }
}