{
  "ph": 0.290038885488631,
  "Hardness": 0.037329662742914646,
  "Solids": 0.1363505461255739,
  "Chloramines": 0.10529008418470483,
  "Sulfate": 0.05317404304834958,
  "Conductivity": 0.03022204132610859,
  "Organic_carbon": 0.04113195771761223,
  "Trihalomethanes": 0.038942719689398574,
  "Turbidity": 0.26752005967670667
}