Modèle,Accuracy,Precision,Recall,F1-Score,ROC-AUC,Temps (s)
XGBoost,0.905,0.9710144927536232,0.7976190476190477,0.8758169934640523,0.892241379310345,11.319194078445435
MLP,0.785,0.8059701492537313,0.6428571428571429,0.7152317880794702,0.8504720853858785,3.631070375442505
