{
  "0": {
    "precision": 0.8702290076335878,
    "recall": 0.9827586206896551,
    "f1-score": 0.9230769230769231,
    "support": 116.0
  },
  "1": {
    "precision": 0.9710144927536232,
    "recall": 0.7976190476190477,
    "f1-score": 0.8758169934640523,
    "support": 84.0
  },
  "accuracy": 0.905,
  "macro avg": {
    "precision": 0.9206217501936055,
    "recall": 0.8901888341543513,
    "f1-score": 0.8994469582704877,
    "support": 200.0
  },
  "weighted avg": {
    "precision": 0.9125589113840027,
    "recall": 0.905,
    "f1-score": 0.9032277526395174,
    "support": 200.0
  }
}